{
  "arrangeData": [
    {
      "objNum": 8,
      "collectNum": 1,
      "x": 156.3991241455078,
      "z": 1556.8365478515625,
      "dirX": 1.0,
      "dirZ": 0.0
    },
    {
      "objNum": 8,
      "collectNum": 6,
      "x": 1436.882568359375,
      "z": 1217.480224609375,
      "dirX": 1.0,
      "dirZ": 0.0
    },
    {
      "objNum": 8,
      "collectNum": 1,
      "x": 973.2351684570313,
      "z": -177.29852294921875,
      "dirX": 1.0,
      "dirZ": 0.0
    },
    {
      "objNum": 8,
      "collectNum": 2,
      "x": -705.4386596679688,
      "z": 1744.850830078125,
      "dirX": 1.0,
      "dirZ": 0.0
    },
    {
      "objNum": 8,
      "collectNum": 6,
      "x": -2184.374755859375,
      "z": 967.10107421875,
      "dirX": 1.0,
      "dirZ": 0.0
    },
    {
      "objNum": 8,
      "collectNum": 4,
      "x": -555.6477661132813,
      "z": 629.587646484375,
      "dirX": 1.0,
      "dirZ": 0.0
    },
    {
      "objNum": 8,
      "collectNum": 5,
      "x": 1702.6893310546875,
      "z": 686.6109619140625,
      "dirX": 1.0,
      "dirZ": 0.0
    },
    {
      "objNum": 2,
      "collectNum": 0,
      "x": -1056.3428955078125,
      "z": 1277.8953857421875,
      "dirX": 1.0,
      "dirZ": 0.0
    },
    {
      "objNum": 2,
      "collectNum": 0,
      "x": -652.7463989257813,
      "z": 352.856689453125,
      "dirX": 1.0,
      "dirZ": 0.0
    },
    {
      "objNum": 2,
      "collectNum": 4,
      "x": -1398.4898681640625,
      "z": 672.7482299804688,
      "dirX": 1.0,
      "dirZ": 0.0
    },
    {
      "objNum": 2,
      "collectNum": 0,
      "x": 438.3211364746094,
      "z": 446.66021728515625,
      "dirX": 1.0,
      "dirZ": 0.0
    },
    {
      "objNum": 2,
      "collectNum": 0,
      "x": -251.54803466796875,
      "z": 1971.3946533203125,
      "dirX": 1.0,
      "dirZ": 0.0
    },
    {
      "objNum": 2,
      "collectNum": 4,
      "x": -1703.1036376953125,
      "z": -120.79545593261719,
      "dirX": 1.0,
      "dirZ": 0.0
    },
    {
      "objNum": 2,
      "collectNum": 0,
      "x": 621.2081909179688,
      "z": 1324.360107421875,
      "dirX": 1.0,
      "dirZ": 0.0
    },
    {
      "objNum": 1,
      "collectNum": 3,
      "x": -827.8179931640625,
      "z": 1216.1861572265625,
      "dirX": 0.9612659811973572,
      "dirZ": -0.27563899755477905
    },
    {
      "objNum": 1,
      "collectNum": 3,
      "x": -235.4669952392578,
      "z": 1754.6810302734375,
      "dirX": 0.0,
      "dirZ": -1.0000050067901611
    },
    {
      "objNum": 1,
      "collectNum": 3,
      "x": -511.28192138671875,
      "z": 537.85302734375,
      "dirX": 0.5591959953308105,
      "dirZ": 0.8290420174598694
    },
    {
      "objNum": 1,
      "collectNum": 3,
      "x": 392.7747497558594,
      "z": 1269.6453857421875,
      "dirX": -0.9396979808807373,
      "dirZ": -0.34202200174331665
    },
    {
      "objNum": 1,
      "collectNum": 3,
      "x": 276.5543518066406,
      "z": 595.2037353515625,
      "dirX": -0.7431480288505554,
      "dirZ": 0.6691340208053589
    },
    {
      "objNum": 1,
      "collectNum": 3,
      "x": -1884.5235595703125,
      "z": 1398.2568359375,
      "dirX": -0.848052978515625,
      "dirZ": 0.5299230217933655
    },
    {
      "objNum": 1,
      "collectNum": 3,
      "x": -1626.6578369140625,
      "z": 1630.42138671875,
      "dirX": -0.34202200174331665,
      "dirZ": 0.9396989941596985
    },
    {
      "objNum": 1,
      "collectNum": 3,
      "x": -1335.3046875,
      "z": 1605.449951171875,
      "dirX": 0.6946640014648438,
      "dirZ": 0.719344973564148
    },
    {
      "objNum": 1,
      "collectNum": 1,
      "x": 1663.4649658203125,
      "z": 186.12954711914063,
      "dirX": -0.766048014163971,
      "dirZ": 0.6427909731864929
    },
    {
      "objNum": 1,
      "collectNum": 1,
      "x": 855.8924560546875,
      "z": 840.517822265625,
      "dirX": 0.8090220093727112,
      "dirZ": 0.5877879858016968
    },
    {
      "objNum": 1,
      "collectNum": 1,
      "x": 1845.3768310546875,
      "z": 1174.84521484375,
      "dirX": -0.8290420174598694,
      "dirZ": 0.5591970086097717
    },
    {
      "objNum": 1,
      "collectNum": 3,
      "x": -2061.094482421875,
      "z": 2101.875,
      "dirX": 0.9902759790420532,
      "dirZ": 0.13917399942874908
    },
    {
      "objNum": 1,
      "collectNum": 3,
      "x": -1437.77197265625,
      "z": 2295.7041015625,
      "dirX": 0.9902759790420532,
      "dirZ": 0.13917399942874908
    },
    {
      "objNum": 1,
      "collectNum": 3,
      "x": -2549.175537109375,
      "z": 1752.7696533203125,
      "dirX": 0.9902759790420532,
      "dirZ": 0.13917399942874908
    },
    {
      "objNum": 1,
      "collectNum": 3,
      "x": -1871.0931396484375,
      "z": 1048.478759765625,
      "dirX": -0.719344973564148,
      "dirZ": -0.6946629881858826
    },
    {
      "objNum": 6,
      "collectNum": 4,
      "x": -216.8199005126953,
      "z": 1093.347412109375,
      "dirX": -0.9396939873695374,
      "dirZ": 0.34202098846435547
    },
    {
      "objNum": 5,
      "collectNum": 1,
      "x": 947.2675170898438,
      "z": 1846.467529296875,
      "dirX": 0.994521975517273,
      "dirZ": 0.1045290008187294
    },
    {
      "objNum": 5,
      "collectNum": 1,
      "x": 2085.91015625,
      "z": 1676.8326416015625,
      "dirX": -0.997564971446991,
      "dirZ": 0.06975699961185455
    },
    {
      "objNum": 5,
      "collectNum": 1,
      "x": 1725.4735107421875,
      "z": 676.2944946289063,
      "dirX": -0.997564971446991,
      "dirZ": 0.06975699961185455
    },
    {
      "objNum": 5,
      "collectNum": 2,
      "x": 1034.963623046875,
      "z": 250.40335083007813,
      "dirX": 0.9510589838027954,
      "dirZ": -0.30901798605918884
    },
    {
      "objNum": 5,
      "collectNum": 4,
      "x": -1631.0037841796875,
      "z": 1202.33984375,
      "dirX": -0.9848089814186096,
      "dirZ": -0.17364799976348877
    },
    {
      "objNum": 4,
      "collectNum": 2,
      "x": 199.867431640625,
      "z": 178.1923828125,
      "dirX": 0.06975699961185455,
      "dirZ": -0.997564971446991
    },
    {
      "objNum": 4,
      "collectNum": 2,
      "x": -325.57830810546875,
      "z": 226.86903381347656,
      "dirX": 0.0,
      "dirZ": -1.0000009536743164
    },
    {
      "objNum": 4,
      "collectNum": 3,
      "x": -513.6564331054688,
      "z": 1809.1383056640625,
      "dirX": 0.5000010132789612,
      "dirZ": -0.8660280108451843
    },
    {
      "objNum": 4,
      "collectNum": 3,
      "x": -788.1474609375,
      "z": 1570.0670166015625,
      "dirX": 0.7660470008850098,
      "dirZ": -0.6427900195121765
    },
    {
      "objNum": 4,
      "collectNum": 4,
      "x": -1563.5780029296875,
      "z": 455.1396179199219,
      "dirX": 0.9271870255470276,
      "dirZ": -0.37460801005363464
    },
    {
      "objNum": 4,
      "collectNum": 4,
      "x": -1739.069580078125,
      "z": 204.5364227294922,
      "dirX": 0.9271870255470276,
      "dirZ": -0.37460801005363464
    },
    {
      "objNum": 0,
      "collectNum": 0,
      "x": -1851.425537109375,
      "z": 535.4154663085938,
      "dirX": 0.9781479835510254,
      "dirZ": 0.20791199803352356
    }
  ]
}