{
  "assetPass": [
    { "item": "data/Json/UI/GamePurpose.json" },
    { "item": "data/Json/UI/countDown.json" },
    { "item": "data/Json/UI/collectUIFrame.json" },
    { "item": "data/Json/UI/CollectScoreBonus.json" },
    { "item": "data/Json/UI/collectScoreIcon.json" },
    { "item": "data/Json/UI/NoDamageBonus.json" },
    { "item": "data/Json/UI/noDamageScoreNum.json" },
    { "item": "data/Json/UI/allCollectItemNum.json" },
    { "item": "data/Json/UI/Manual.json" },
    { "item": "data/Json/UI/Point.json" },
    { "item": "data/Json/UI/rader.json" },
    { "item": "data/Json/UI/titleLogo.json" },
    { "item": "data/Json/UI/timerrFrame.json" },
    { "item": "data/Json/UI/timeScore.json" },
    { "item": "data/Json/UI/timeScoreNum.json" },
    { "item": "data/Json/UI/score.json" },
    { "item": "data/Json/UI/scoreNum.json" },
    { "item": "data/Json/UI/getCollectItemNum.json" },
    { "item": "data/Json/UI/timeNum.json" },
    { "item": "data/Json/UI/menuFrame.json" },
    { "item": "data/Json/UI/play.json" },
    { "item": "data/Json/UI/retry.json" },
    { "item": "data/Json/UI/menuCursor.json" },
    { "item": "data/Json/UI/exit.json" },
    { "item": "data/Json/UI/stageName.json" },
    { "item": "data/Json/UI/titlePressSpaceKey.json" },
    { "item": "data/Json/UI/titleScoreUI.json" },
    { "item": "data/Json/UI/titleScoreNum.json" },
    { "item": "data/Json/UI/startCountDown.json" },
    { "item": "data/Json/UI/PraiseWord.json" },
    { "item": "data/Json/UI/countDownEnd.json" },
    { "item": "data/Json/UI/remainingNum.json" },
    { "item": "data/Json/UI/remainingPhrase.json" },
    { "item": "data/Json/UI/collectIcon.json" },
    { "item": "data/Json/UI/collectTargetNumberUI.json" },
    { "item": "data/Json/UI/resultPressSpaceKey.json" },
    { "item": "data/Json/UI/chargeManual.json" },
    { "item": "data/Json/UI/TurboManual.json" },
    { "item": "data/Json/UI/leftButton.json" },
    { "item": "data/Json/UI/rightButton.json" },
    { "item": "data/Json/UI/downButton.json" },
    { "item": "data/Json/UI/finishAnnounce.json" },
    { "item": "data/Json/UI/titleButton.json" },
    { "item": "data/Json/UI/playManualSheat.json" },
    { "item": "data/Json/UI/stageSelectButton.json" },
    { "item": "data/Json/UI/xDownButton.json" },
    { "item": "data/Json/UI/titleSecondScoreNum.json" },
    { "item": "data/Json/UI/titleThirdScoreNum.json" },
    { "item": "data/Json/UI/rank1UI.json" },
    { "item": "data/Json/UI/rank2UI.json" },
    { "item": "data/Json/UI/rank3UI.json" },
    { "item": "data/Json/UI/playEditStage.json" },
    { "item": "data/Json/UI/editMenu.json" },
    { "item": "data/Json/UI/wheelMouse.json" },
    { "item": "data/Json/UI/editManual.json" }
  ]
}