{
  "arrangeData": [
    {
      "objNum": 8,
      "collectNum": 0,
      "x": 700.0,
      "z": 0.0,
      "dirX": 1.0,
      "dirZ": 0.0
    },
    {
      "objNum": 8,
      "collectNum": 0,
      "x": -226.7062225341797,
      "z": 1720.402587890625,
      "dirX": 1.0,
      "dirZ": 0.0
    },
    {
      "objNum": 8,
      "collectNum": 0,
      "x": -1301.2991943359375,
      "z": -59.925689697265625,
      "dirX": 1.0,
      "dirZ": 0.0
    },
    {
      "objNum": 8,
      "collectNum": 0,
      "x": 1628.3218994140625,
      "z": -632.4857788085938,
      "dirX": 1.0,
      "dirZ": 0.0
    },
    {
      "objNum": 2,
      "collectNum": 0,
      "x": 400.0,
      "z": 295.0,
      "dirX": 1.0,
      "dirZ": 0.0
    },
    {
      "objNum": 2,
      "collectNum": 0,
      "x": 700.0,
      "z": 360.0,
      "dirX": 1.0,
      "dirZ": 0.0
    },
    {
      "objNum": 2,
      "collectNum": 0,
      "x": 1175.33203125,
      "z": 442.07122802734375,
      "dirX": 1.0,
      "dirZ": 0.0
    },
    {
      "objNum": 2,
      "collectNum": 0,
      "x": 976.6568603515625,
      "z": 1431.197265625,
      "dirX": 1.0,
      "dirZ": 0.0
    },
    {
      "objNum": 2,
      "collectNum": 0,
      "x": 505.6981201171875,
      "z": 1472.49853515625,
      "dirX": 1.0,
      "dirZ": 0.0
    },
    {
      "objNum": 2,
      "collectNum": 0,
      "x": 77.60848999023438,
      "z": 1133.68603515625,
      "dirX": 1.0,
      "dirZ": 0.0
    },
    {
      "objNum": 2,
      "collectNum": 0,
      "x": -431.7919921875,
      "z": 1081.37841796875,
      "dirX": 1.0,
      "dirZ": 0.0
    },
    {
      "objNum": 2,
      "collectNum": 0,
      "x": -826.8139038085938,
      "z": 1367.1796875,
      "dirX": 1.0,
      "dirZ": 0.0
    },
    {
      "objNum": 2,
      "collectNum": 1,
      "x": -1236.1669921875,
      "z": 1622.7783203125,
      "dirX": 1.0,
      "dirZ": 0.0
    },
    {
      "objNum": 2,
      "collectNum": 1,
      "x": -1712.245361328125,
      "z": 1438.180419921875,
      "dirX": 1.0,
      "dirZ": 0.0
    },
    {
      "objNum": 2,
      "collectNum": 1,
      "x": -1815.9483642578125,
      "z": 872.056640625,
      "dirX": 1.0,
      "dirZ": 0.0
    },
    {
      "objNum": 2,
      "collectNum": 1,
      "x": -1333.1669921875,
      "z": 479.14288330078125,
      "dirX": 1.0,
      "dirZ": 0.0
    },
    {
      "objNum": 2,
      "collectNum": 1,
      "x": -846.5282592773438,
      "z": 378.11309814453125,
      "dirX": 1.0,
      "dirZ": 0.0
    },
    {
      "objNum": 2,
      "collectNum": 1,
      "x": -368.5675048828125,
      "z": -89.68621826171875,
      "dirX": 1.0,
      "dirZ": 0.0
    },
    {
      "objNum": 2,
      "collectNum": 2,
      "x": -226.32940673828125,
      "z": -925.9786376953125,
      "dirX": 1.0,
      "dirZ": 0.0
    },
    {
      "objNum": 2,
      "collectNum": 2,
      "x": 118.63668823242188,
      "z": -1298.4366455078125,
      "dirX": 1.0,
      "dirZ": 0.0
    },
    {
      "objNum": 2,
      "collectNum": 2,
      "x": 599.002197265625,
      "z": -1388.4208984375,
      "dirX": 1.0,
      "dirZ": 0.0
    },
    {
      "objNum": 2,
      "collectNum": 2,
      "x": 984.7881469726563,
      "z": -957.2711181640625,
      "dirX": 1.0,
      "dirZ": 0.0
    },
    {
      "objNum": 2,
      "collectNum": 2,
      "x": 1050.3143310546875,
      "z": -272.2729797363281,
      "dirX": 1.0,
      "dirZ": 0.0
    },
    {
      "objNum": 5,
      "collectNum": 2,
      "x": 1075.213623046875,
      "z": -640.3715209960938,
      "dirX": -0.9135460257530212,
      "dirZ": 0.40673699975013733
    },
    {
      "objNum": 5,
      "collectNum": 2,
      "x": 835.299072265625,
      "z": -1263.9085693359375,
      "dirX": -0.6691309809684753,
      "dirZ": 0.7431460022926331
    },
    {
      "objNum": 5,
      "collectNum": 2,
      "x": 365.8277893066406,
      "z": -1366.6712646484375,
      "dirX": 0.1391730010509491,
      "dirZ": 0.9902700185775757
    },
    {
      "objNum": 5,
      "collectNum": 2,
      "x": -55.75337219238281,
      "z": -1134.4659423828125,
      "dirX": 0.6946600079536438,
      "dirZ": 0.719340980052948
    },
    {
      "objNum": 5,
      "collectNum": 0,
      "x": 1409.649169921875,
      "z": 236.46641540527344,
      "dirX": -0.6946589946746826,
      "dirZ": 0.719340980052948
    },
    {
      "objNum": 5,
      "collectNum": 0,
      "x": 1546.5928955078125,
      "z": 1344.389404296875,
      "dirX": -0.9848089814186096,
      "dirZ": -0.17364799976348877
    },
    {
      "objNum": 5,
      "collectNum": 0,
      "x": 637.3414916992188,
      "z": 2115.6591796875,
      "dirX": -0.1045290008187294,
      "dirZ": -0.9945240020751953
    },
    {
      "objNum": 5,
      "collectNum": 0,
      "x": 613.4769897460938,
      "z": 840.8843994140625,
      "dirX": 0.829039990901947,
      "dirZ": 0.559194028377533
    },
    {
      "objNum": 1,
      "collectNum": 2,
      "x": -626.3787841796875,
      "z": 1184.203125,
      "dirX": 0.5,
      "dirZ": 0.866025984287262
    },
    {
      "objNum": 1,
      "collectNum": 2,
      "x": -1010.0258178710938,
      "z": 1495.518310546875,
      "dirX": 0.4383710026741028,
      "dirZ": 0.8987939953804016
    },
    {
      "objNum": 1,
      "collectNum": 2,
      "x": -1464.1968994140625,
      "z": 1529.115966796875,
      "dirX": -0.5877860188484192,
      "dirZ": 0.8090180158615112
    },
    {
      "objNum": 1,
      "collectNum": 2,
      "x": -1782.579345703125,
      "z": 1133.2236328125,
      "dirX": -0.9902690052986145,
      "dirZ": 0.13917399942874908
    },
    {
      "objNum": 1,
      "collectNum": 2,
      "x": -1574.679443359375,
      "z": 661.3905029296875,
      "dirX": -0.719340980052948,
      "dirZ": -0.6946589946746826
    },
    {
      "objNum": 1,
      "collectNum": 2,
      "x": -1084.8233642578125,
      "z": 431.6824645996094,
      "dirX": -0.37460801005363464,
      "dirZ": -0.9271860122680664
    },
    {
      "objNum": 5,
      "collectNum": 2,
      "x": -1102.4259033203125,
      "z": 965.855712890625,
      "dirX": -0.8090190291404724,
      "dirZ": 0.5877869725227356
    },
    {
      "objNum": 2,
      "collectNum": 2,
      "x": -1102.4259033203125,
      "z": 965.855712890625,
      "dirX": -0.8090190291404724,
      "dirZ": 0.5877869725227356
    },
    {
      "objNum": 2,
      "collectNum": 0,
      "x": -494.8264465332031,
      "z": 245.88877868652344,
      "dirX": 1.0,
      "dirZ": 0.0
    },
    {
      "objNum": 2,
      "collectNum": 2,
      "x": -440.787109375,
      "z": -394.2998352050781,
      "dirX": 1.0,
      "dirZ": 0.0
    },
    {
      "objNum": 2,
      "collectNum": 0,
      "x": 1289.409912109375,
      "z": 1016.9254150390625,
      "dirX": 1.0,
      "dirZ": 0.0
    },
    {
      "objNum": 6,
      "collectNum": 3,
      "x": 323.8146057128906,
      "z": -714.7969360351563,
      "dirX": 1.0,
      "dirZ": 0.0
    },
    {
      "objNum": 0,
      "collectNum": 0,
      "x": 150.0,
      "z": 0.0,
      "dirX": 1.0,
      "dirZ": 0.0
    }
  ]
}