{
  "$schema": "https://json-schema.org/draft/2019-09/schema",
  "$id": "http://example.com/example.json",
  "type": "object",
  "default": {},
  "title": "Root Schema",
  "required": [
    "assetPass"
  ],
  "properties": {
    "assetPass": {
      "type": "array",
      "default": [],
      "title": "The assetPass Schema",
      "items": {
        "type": "object",
        "default": {},
        "title": "A Schema",
        "required": [
          "item"
        ],
        "properties": {
          "item": {
            "type": "string",
            "default": "",
            "title": "The item Schema",
            "examples": [
              "data/csv/UI/GamePurpose.csv"
            ]
          }
        },
        "examples": [
          {
            "item": "data/csv/UI/GamePurpose.csv"
          }
        ]
      },
      "examples": [
        [
          {
            "item": "data/csv/UI/GamePurpose.csv"
          }
        ]
      ]
    }
  },
  "examples": [
    {
      "assetPass": [
        {
          "item": "data/csv/UI/GamePurpose.csv"
        }
      ]
    }
  ]
}