{
  "arrangeData": [
    {
      "objNum": 8,
      "collectNum": 0,
      "x": 1878.33544921875,
      "z": 610.308837890625,
      "dirX": 1.0,
      "dirZ": 0.0
    },
    {
      "objNum": 8,
      "collectNum": 0,
      "x": 1738.76416015625,
      "z": -653.5173950195313,
      "dirX": 1.0,
      "dirZ": 0.0
    },
    {
      "objNum": 8,
      "collectNum": 0,
      "x": -14.613791465759277,
      "z": -2176.73388671875,
      "dirX": 1.0,
      "dirZ": 0.0
    },
    {
      "objNum": 8,
      "collectNum": 0,
      "x": -2092.171875,
      "z": -567.5888061523438,
      "dirX": 1.0,
      "dirZ": 0.0
    },
    {
      "objNum": 8,
      "collectNum": 0,
      "x": -1725.6103515625,
      "z": 1476.6356201171875,
      "dirX": 1.0,
      "dirZ": 0.0
    },
    {
      "objNum": 2,
      "collectNum": 0,
      "x": 1392.0101318359375,
      "z": -113.92720031738281,
      "dirX": 1.0,
      "dirZ": 0.0
    },
    {
      "objNum": 2,
      "collectNum": 0,
      "x": 1622.4779052734375,
      "z": -1901.7633056640625,
      "dirX": 1.0,
      "dirZ": 0.0
    },
    {
      "objNum": 2,
      "collectNum": 0,
      "x": 943.9724731445313,
      "z": -1224.7242431640625,
      "dirX": 1.0,
      "dirZ": 0.0
    },
    {
      "objNum": 2,
      "collectNum": 3,
      "x": -2007.734375,
      "z": 1280.896728515625,
      "dirX": 1.0,
      "dirZ": 0.0
    },
    {
      "objNum": 2,
      "collectNum": 3,
      "x": -1670.265869140625,
      "z": 873.0759887695313,
      "dirX": 1.0,
      "dirZ": 0.0
    },
    {
      "objNum": 2,
      "collectNum": 3,
      "x": -2290.66162109375,
      "z": 482.99847412109375,
      "dirX": 1.0,
      "dirZ": 0.0
    },
    {
      "objNum": 2,
      "collectNum": 3,
      "x": -1769.5623779296875,
      "z": 75.1500244140625,
      "dirX": 1.0,
      "dirZ": 0.0
    },
    {
      "objNum": 2,
      "collectNum": 3,
      "x": -2511.94091796875,
      "z": -173.4881591796875,
      "dirX": 1.0,
      "dirZ": 0.0
    },
    {
      "objNum": 2,
      "collectNum": 0,
      "x": 1907.3353271484375,
      "z": -1617.0140380859375,
      "dirX": 1.0,
      "dirZ": 0.0
    },
    {
      "objNum": 2,
      "collectNum": 0,
      "x": 1949.0228271484375,
      "z": -1308.609375,
      "dirX": 1.0,
      "dirZ": 0.0
    },
    {
      "objNum": 2,
      "collectNum": 0,
      "x": 454.62542724609375,
      "z": -1569.1007080078125,
      "dirX": 1.0,
      "dirZ": 0.0
    },
    {
      "objNum": 2,
      "collectNum": 2,
      "x": -1264.284423828125,
      "z": -1952.6055908203125,
      "dirX": 1.0,
      "dirZ": 0.0
    },
    {
      "objNum": 2,
      "collectNum": 2,
      "x": -610.3595581054688,
      "z": -2453.38037109375,
      "dirX": 1.0,
      "dirZ": 0.0
    },
    {
      "objNum": 2,
      "collectNum": 2,
      "x": -945.6171264648438,
      "z": -2171.077392578125,
      "dirX": 1.0,
      "dirZ": 0.0
    },
    {
      "objNum": 1,
      "collectNum": 3,
      "x": -1458.211669921875,
      "z": -1733.73291015625,
      "dirX": 0.5299220085144043,
      "dirZ": 0.24205200374126434
    },
    {
      "objNum": 1,
      "collectNum": 3,
      "x": -2238.560546875,
      "z": -1084.065673828125,
      "dirX": 0.9612690210342407,
      "dirZ": 0.27564001083374023
    },
    {
      "objNum": 2,
      "collectNum": 0,
      "x": 252.22190856933594,
      "z": -2819.60791015625,
      "dirX": 1.0,
      "dirZ": 0.0
    },
    {
      "objNum": 1,
      "collectNum": 2,
      "x": -1347.3250732421875,
      "z": -1166.9111328125,
      "dirX": -0.8987950086593628,
      "dirZ": -0.4383719861507416
    },
    {
      "objNum": 2,
      "collectNum": 0,
      "x": -1414.19921875,
      "z": 1745.109130859375,
      "dirX": 1.0,
      "dirZ": 0.0
    },
    {
      "objNum": 2,
      "collectNum": 0,
      "x": 2090.069091796875,
      "z": -600.3757934570313,
      "dirX": 1.0,
      "dirZ": 0.0
    },
    {
      "objNum": 2,
      "collectNum": 0,
      "x": 1494.347412109375,
      "z": -773.0512084960938,
      "dirX": 1.0,
      "dirZ": 0.0
    },
    {
      "objNum": 2,
      "collectNum": 0,
      "x": 809.996337890625,
      "z": -1307.205078125,
      "dirX": 1.0,
      "dirZ": 0.0
    },
    {
      "objNum": 2,
      "collectNum": 0,
      "x": 1267.1085205078125,
      "z": -2395.35546875,
      "dirX": 1.0,
      "dirZ": 0.0
    },
    {
      "objNum": 0,
      "collectNum": 0,
      "x": 1880.547607421875,
      "z": 2161.51611328125,
      "dirX": 0.0348999984562397,
      "dirZ": -0.9993910193443298
    }
  ]
}